endpoint,trial,status,time_ms
rest/v1/quotes?select=id&limit=5,1,200,125.6
rest/v1/quotes?select=id&limit=5,2,200,132.4
rest/v1/quotes?select=id&limit=5,3,200,130.3
rest/v1/quotes?select=id&limit=5,4,200,128.1
rest/v1/quotes?select=id&limit=5,5,200,123.1
rest/v1/calendar_entries?select=id&limit=5,1,200,127.8
rest/v1/calendar_entries?select=id&limit=5,2,200,121.0
rest/v1/calendar_entries?select=id&limit=5,3,200,123.1
rest/v1/calendar_entries?select=id&limit=5,4,200,139.3
rest/v1/calendar_entries?select=id&limit=5,5,200,118.1
rest/v1/suppliers_visible?select=id&limit=5,1,404,124.9
rest/v1/suppliers_visible?select=id&limit=5,2,404,115.9
rest/v1/suppliers_visible?select=id&limit=5,3,404,103.6
rest/v1/suppliers_visible?select=id&limit=5,4,404,101.1
rest/v1/suppliers_visible?select=id&limit=5,5,404,109.9
rest/v1/weddings?select=id&limit=5,1,404,127.3
rest/v1/weddings?select=id&limit=5,2,404,111.8
rest/v1/weddings?select=id&limit=5,3,404,121.7
rest/v1/weddings?select=id&limit=5,4,404,116.7
rest/v1/weddings?select=id&limit=5,5,404,117.3
